child_id,custody_sequence_number,custody_start,custody_end,service_type,service_outcome
847887,2,2013-08-14,2019-03-12,Placement Services - COR,Adoption
849235,2,2017-08-25,2019-02-11,Placement Services - COS,Reunify with parents/caretaker
922013,1,2015-05-30,2019-01-11,Placement Services - R & S,Emancipation
992925,1,2018-09-18,2019-02-21,Placement Services - R & S,Living with other relatives
1015761,1,2010-01-28,2019-03-12,Placement Services - COS,Living with other relatives
1086782,1,2016-08-04,2019-02-01,Placement Services - R & S,Emancipation
1119567,2,2015-04-20,2019-03-25,Placement Services - R & S,Reunify with parents/caretaker
1168304,1,2016-08-31,2019-01-15,Placement Services - R & S,Reunify with parents/caretaker
1221973,1,2015-08-19,2019-01-24,Placement Services - R & S,Living with other relatives
1475428,1,2014-01-15,2019-01-18,Placement Services - R & S,Guardianship
1497146,1,2017-03-22,2019-03-11,Placement Services - R & S,Emancipation
1566253,1,2017-10-13,2019-01-10,Placement Services - R & S,Living with other relatives
1763083,2,2016-11-05,2019-03-20,Placement Services - R & S,Living with other relatives
1793675,1,2008-03-13,2019-03-27,Placement Services - COR,Living with other relatives
1798227,1,2014-10-14,2019-02-20,Placement Services - R & S,Emancipation
1918591,1,2016-08-18,2019-01-17,Placement Services - R & S,Living with other relatives
1940937,2,2017-06-22,2019-01-17,Placement Services - R & S,Guardianship
2161133,1,2018-08-20,2019-01-30,Placement Services - R & S,Living with other relatives
2174294,1,2014-11-10,2019-03-29,Placement Services - COS,Emancipation
2199165,3,2018-10-18,2019-01-11,Placement Services - R & S,Reunify with parents/caretaker
2515733,1,2016-10-11,2019-03-04,Placement Services - COS,Living with other relatives
2605805,1,2013-02-06,2019-03-04,Placement Services - R & S,Living with other relatives
2609908,1,2017-10-05,2019-01-29,Placement Services - R & S,Guardianship
2640724,2,2014-03-26,2019-03-25,Placement Services - R & S,Living with other relatives
2784238,2,2016-03-03,2019-01-28,Placement Services - R & S,Living with other relatives
2827336,3,2017-08-04,2019-02-13,Placement Services - R & S,Reunify with parents/caretaker
3018539,1,2016-10-26,2019-03-14,Placement Services - R & S,Reunify with parents/caretaker
3219151,1,2014-09-03,2019-03-14,Placement Services - R & S,Guardianship
3445348,2,2019-01-22,2019-01-24,Placement Services - R & S,Reunify with parents/caretaker
3532135,1,2017-08-29,2019-01-24,Placement Services - R & S,Reunify with parents/caretaker
3646467,2,2018-02-01,2019-01-15,Placement Services - R & S,Reunify with parents/caretaker
3790290,1,2017-08-08,2019-03-20,Placement Services - R & S,Reunify with parents/caretaker
3896641,1,2018-03-23,2019-03-26,Placement Services - R & S,Guardianship
3911020,3,2015-09-03,2019-01-16,Placement Services - R & S,Living with other relatives
3944573,1,2017-03-06,2019-01-24,Placement Services - R & S,Reunify with parents/caretaker
4066189,1,2013-06-19,2019-02-20,Placement Services - COR,Adoption
4072952,1,2018-03-28,2019-02-12,Placement Services - R & S,Reunify with parents/caretaker
4072960,1,2018-03-28,2019-02-12,Placement Services - R & S,Reunify with parents/caretaker
4072979,1,2018-03-28,2019-02-12,Placement Services - R & S,Reunify with parents/caretaker
4153022,1,2008-01-18,2019-02-11,Placement Services - COS,Guardianship
4261429,1,2014-07-23,2019-01-17,Placement Services - R & S,Runaway
4352688,1,2017-10-26,2019-01-24,Placement Services - COS,Living with other relatives
4370767,3,2018-03-05,2019-03-12,Placement Services - R & S,Adoption
4397363,2,2016-11-09,2019-02-10,Placement Services - R & S,Living with other relatives
4445384,1,2018-06-11,2019-01-08,Placement Services - R & S,Guardianship
4555651,1,2016-09-12,2019-02-20,Placement Services - R & S,Adoption
4556909,3,2017-08-04,2019-02-13,Placement Services - R & S,Reunify with parents/caretaker
4674944,1,2018-08-03,2019-02-26,Placement Services - R & S,Living with other relatives
4724585,1,2010-10-14,2019-01-14,Placement Services - R & S,Guardianship
4731506,3,2017-08-29,2019-02-06,Placement Services - R & S,Reunify with parents/caretaker
4764420,1,2017-06-23,2019-01-22,Placement Services - R & S,Reunify with parents/caretaker
4784901,1,2016-01-14,2019-03-25,Placement Services - R & S,Reunify with parents/caretaker
4784928,1,2016-01-14,2019-03-25,Placement Services - R & S,Reunify with parents/caretaker
4784944,1,2016-01-14,2019-03-25,Placement Services - R & S,Reunify with parents/caretaker
4835131,1,2018-02-23,2019-03-13,Placement Services - R & S,Reunify with parents/caretaker
4867912,1,2018-05-17,2019-01-22,Placement Services - COS,Reunify with parents/caretaker
4927354,1,2012-03-15,2019-01-28,Placement Services - COS,Emancipation
4979036,1,2012-09-13,2019-03-26,Placement Services - COR,Adoption
4994124,2,2017-08-04,2019-02-13,Placement Services - COS,Reunify with parents/caretaker
5045088,1,2016-10-13,2019-03-07,Placement Services - R & S,Adoption
5094119,1,2018-06-13,2019-03-18,Placement Services - COS,Living with other relatives
5094127,1,2018-06-13,2019-03-18,Placement Services - R & S,Living with other relatives
5183529,1,2014-10-31,2019-03-20,Placement Services - R & S,Runaway
5197198,1,2014-07-08,2019-02-14,Placement Services - R & S,Guardianship
5225795,1,2018-03-05,2019-01-29,Placement Services - R & S,Reunify with parents/caretaker
5322898,1,2016-08-24,2019-02-07,Placement Services - R & S,Reunify with parents/caretaker
5347742,1,2018-12-10,2019-01-22,Placement Services - R & S,Living with other relatives
5351375,1,2018-10-29,2019-02-20,Placement Services - COS,Reunify with parents/caretaker
5449359,1,2018-04-18,2019-01-16,Placement Services - R & S,Living with other relatives
5459370,1,2014-07-15,2019-01-16,Placement Services - R & S,Emancipation
5503949,1,2018-07-13,2019-03-28,Placement Services - R & S,Reunify with parents/caretaker
5518679,2,2018-07-24,2019-03-07,Placement Services - R & S,Reunify with parents/caretaker
5518741,2,2018-07-24,2019-03-07,Placement Services - R & S,Reunify with parents/caretaker
5520509,2,2016-04-27,2019-03-06,Placement Services - R & S,Living with other relatives
5530989,1,2016-09-26,2019-01-07,Placement Services - R & S,Reunify with parents/caretaker
5553180,1,2017-03-03,2019-02-27,Placement Services - R & S,Reunify with parents/caretaker
5617030,1,2018-04-05,2019-03-01,Placement Services - COR,Reunify with parents/caretaker
5669359,2,2017-08-04,2019-02-13,Placement Services - R & S,Reunify with parents/caretaker
5695937,1,2017-11-29,2019-01-14,Placement Services - R & S,Reunify with parents/caretaker
5710340,1,2017-01-23,2019-03-22,Placement Services - R & S,Adoption
5828422,1,2017-08-09,2019-03-20,Placement Services - R & S,Reunify with parents/caretaker
5854695,1,2018-07-17,2019-01-29,Placement Services - R & S,Reunify with parents/caretaker
5872464,1,2018-10-11,2019-02-13,Placement Services - R & S,Reunify with parents/caretaker
5928222,1,2018-08-22,2019-02-13,Placement Services - R & S,Reunify with parents/caretaker
5951135,1,2017-07-25,2019-03-28,Placement Services - COR,COS Placement Change
5952948,3,2018-01-02,2019-03-05,Placement Services - R & S,Guardianship
5952980,3,2018-01-02,2019-03-05,Placement Services - R & S,Guardianship
5961033,1,2018-04-18,2019-01-16,Placement Services - R & S,Living with other relatives
6081738,1,2018-06-11,2019-01-08,Placement Services - R & S,Guardianship
6142540,1,2019-01-22,2019-03-19,Placement Services - R & S,Reunify with parents/caretaker
6163947,1,2017-11-07,2019-01-03,Placement Services - R & S,Reunify with parents/caretaker
6213375,1,2018-11-27,2019-02-05,Placement Services - R & S,Living with other relatives
6245854,2,2016-08-04,2019-01-10,Placement Services - R & S,Living with other relatives
6335950,1,2018-10-09,2019-03-07,Placement Services - R & S,Reunify with parents/caretaker
6337139,1,2017-09-15,2019-01-16,Placement Services - R & S,Reunify with parents/caretaker
6341624,1,2018-08-15,2019-02-20,Placement Services - COS,Reunify with parents/caretaker
6388779,1,2018-03-06,2019-03-14,Placement Services - R & S,Living with other relatives
6424678,1,2019-01-28,2019-03-13,Placement Services - COR,Reunify with parents/caretaker
6437508,1,2016-03-03,2019-02-06,Placement Services - R & S,Guardianship
6437516,1,2016-03-03,2019-02-06,Placement Services - R & S,Guardianship
6487467,2,2018-05-04,2019-02-25,Placement Services - COR,COS Placement Change
6493742,2,2018-04-18,2019-02-13,Placement Services - R & S,Reunify with parents/caretaker
6576559,1,2014-07-24,2019-01-28,Placement Services - R & S,Living with other relatives
6622941,1,2018-07-15,2019-01-17,Placement Services - R & S,Living with other relatives
6623425,1,2017-01-04,2019-03-22,Placement Services - R & S,Adoption
6632556,1,2016-11-03,2019-02-05,Placement Services - COR,Adoption
6749054,2,2016-08-11,2019-02-27,Placement Services - COS,Emancipation
6821596,1,2018-03-15,2019-03-26,Placement Services - R & S,Reunify with parents/caretaker
6821618,1,2018-03-15,2019-03-26,Placement Services - R & S,Reunify with parents/caretaker
6821626,1,2018-03-15,2019-03-26,Placement Services - R & S,Reunify with parents/caretaker
6849814,2,2017-01-20,2019-01-24,Placement Services - R & S,Reunify with parents/caretaker
6849903,2,2018-01-26,2019-01-30,Placement Services - COS,Reunify with parents/caretaker
6888836,2,2018-03-07,2019-02-28,Placement Services - R & S,Guardianship
6944132,3,2018-12-17,2019-02-13,Placement Services - R & S,Reunify with parents/caretaker
6947077,1,2012-11-19,2019-02-06,Placement Services - R & S,Guardianship
6981534,1,2016-09-01,2019-01-08,Placement Services - R & S,Adoption
6981542,1,2016-09-01,2019-01-08,Placement Services - R & S,Adoption
6981550,1,2016-09-01,2019-01-08,Placement Services - R & S,Adoption
6982603,1,2019-01-08,2019-01-15,Placement Services - R & S,Reunify with parents/caretaker
6982611,1,2019-01-08,2019-01-15,Placement Services - R & S,Reunify with parents/caretaker
6982638,1,2019-01-08,2019-01-15,Placement Services - R & S,Reunify with parents/caretaker
6994466,2,2018-01-29,2019-02-05,Placement Services - R & S,Guardianship
7025823,1,2018-07-17,2019-02-26,Placement Services - R & S,Living with other relatives
7025858,1,2018-07-19,2019-01-14,Placement Services - R & S,Living with other relatives
7042981,1,2018-07-16,2019-01-24,Placement Services - R & S,Living with other relatives
7102747,2,2018-03-15,2019-03-13,Placement Services - R & S,Reunify with parents/caretaker
7103069,1,2017-01-23,2019-03-22,Placement Services - R & S,Adoption
7112874,1,2019-02-05,2019-03-14,Placement Services - R & S,Reunify with parents/caretaker
7112890,1,2019-02-05,2019-03-14,Placement Services - R & S,Reunify with parents/caretaker
7224664,1,2018-05-04,2019-03-12,Placement Services - R & S,Reunify with parents/caretaker
7235860,1,2016-12-16,2019-01-28,Placement Services - COS,Guardianship
7278276,1,2016-12-21,2019-02-04,Placement Services - R & S,Adoption
7334370,1,2018-03-12,2019-03-05,Placement Services - R & S,Reunify with parents/caretaker
7344953,3,2018-12-17,2019-02-13,Placement Services - R & S,Reunify with parents/caretaker
7344961,3,2018-12-17,2019-02-13,Placement Services - R & S,Reunify with parents/caretaker
7416520,1,2016-08-10,2019-01-31,Placement Services - R & S,Living with other relatives
7478828,1,2017-06-28,2019-01-16,Placement Services - R & S,Living with other relatives
7524471,2,2017-02-06,2019-01-18,Placement Services - R & S,Reunify with parents/caretaker
7527314,1,2016-09-22,2019-03-06,Placement Services - R & S,Adoption
7531575,1,2018-12-11,2019-02-11,Placement Services - COR,Reunify with parents/caretaker
7578024,1,2017-04-25,2019-02-12,Placement Services - R & S,Adoption
7616422,1,2018-08-23,2019-01-29,Placement Services - R & S,Reunify with parents/caretaker
7616481,1,2018-08-23,2019-03-21,Placement Services - R & S,Reunify with parents/caretaker
7672934,2,2018-12-13,2019-02-26,Placement Services - R & S,Reunify with parents/caretaker
7711050,2,2016-08-11,2019-03-01,Placement Services - R & S,Guardianship
7718691,2,2016-08-11,2019-03-01,Placement Services - R & S,Guardianship
7780095,1,2019-01-18,2019-03-21,Placement Services - R & S,Living with other relatives
7814976,1,2014-10-29,2019-03-22,Placement Services - R & S,Adoption
7832036,1,2017-08-24,2019-01-10,Placement Services - R & S,Reunify with parents/caretaker
7832044,1,2017-08-24,2019-01-10,Placement Services - R & S,Reunify with parents/caretaker
7832052,1,2017-08-24,2019-01-10,Placement Services - R & S,Reunify with parents/caretaker
7892756,1,2017-05-26,2019-01-18,Placement Services - R & S,Adoption
7909519,1,2016-10-13,2019-03-07,Placement Services - R & S,Adoption
7967187,1,2015-09-11,2019-03-20,Placement Services - R & S,Adoption
7980566,2,2019-03-08,2019-03-27,Placement Services - R & S,Reunify with parents/caretaker
8013756,1,2014-10-29,2019-03-22,Placement Services - R & S,Adoption
8051682,1,2010-11-10,2019-02-04,Placement Services - R & S,Adoption
8054681,2,2016-09-19,2019-03-21,Placement Services - COS,Adoption
8054703,2,2016-09-19,2019-03-21,Placement Services - COS,Adoption
8072396,1,2014-09-04,2019-02-11,Placement Services - COR,Adoption
8090084,1,2017-09-15,2019-01-16,Placement Services - R & S,Reunify with parents/caretaker
8168253,1,2016-05-05,2019-01-08,Placement Services - R & S,Reunify with parents/caretaker
8216665,1,2015-09-10,2019-03-22,Placement Services - R & S,Adoption
8216673,1,2015-09-10,2019-03-22,Placement Services - R & S,Adoption
8216703,1,2015-09-10,2019-03-22,Placement Services - R & S,Adoption
8216711,1,2015-09-10,2019-03-22,Placement Services - R & S,Adoption
8246564,1,2017-06-28,2019-01-16,Placement Services - R & S,Living with other relatives
8252440,2,2017-11-06,2019-02-14,Placement Services - R & S,Guardianship
8252491,2,2017-11-06,2019-02-14,Placement Services - R & S,Guardianship
8252505,2,2017-11-06,2019-01-29,Placement Services - R & S,Reunify with parents/caretaker
8252513,2,2017-11-06,2019-02-14,Placement Services - R & S,Guardianship
8270929,1,2019-02-20,2019-03-21,Placement Services - COR,Living with other relatives
8270945,1,2019-02-20,2019-03-21,Placement Services - COS,Living with other relatives
8304270,1,2013-04-12,2019-03-26,Placement Services - R & S,Adoption
8324832,1,2018-12-12,2019-01-14,Placement Services - COR,Reunify with parents/caretaker
8338566,2,2014-07-07,2019-02-12,Placement Services - R & S,Adoption
8347646,1,2018-08-23,2019-03-18,Placement Services - R & S,Reunify with parents/caretaker
8389411,1,2016-10-24,2019-01-18,Placement Services - R & S,Reunify with parents/caretaker
8392218,1,2017-08-09,2019-03-26,Placement Services - R & S,Reunify with parents/caretaker
8408793,1,2015-12-17,2019-02-12,Placement Services - R & S,Adoption
8413142,1,2014-04-24,2019-01-15,Placement Services - R & S,Reunify with parents/caretaker
8413150,1,2014-04-24,2019-01-15,Placement Services - R & S,Reunify with parents/caretaker
8450897,2,2018-08-25,2019-03-12,Placement Services - R & S,Living with other relatives
8565538,1,2014-03-25,2019-02-05,Placement Services - COR,Reunify with parents/caretaker
8575614,1,2017-10-13,2019-01-10,Placement Services - R & S,Living with other relatives
8578435,1,2015-08-26,2019-03-26,Placement Services - COR,Adoption
8578443,1,2015-08-26,2019-03-26,Placement Services - COR,Adoption
8649995,1,2013-10-14,2019-02-05,Placement Services - R & S,Adoption
8650004,1,2013-10-14,2019-02-05,Placement Services - R & S,Adoption
8650160,1,2019-01-14,2019-01-15,Placement Services - R & S,Reunify with parents/caretaker
8661065,1,2012-08-10,2019-01-08,Placement Services - COS,Runaway
8667098,1,2013-12-06,2019-03-28,Placement Services - R & S,Adoption
8694249,2,2017-09-13,2019-03-13,Placement Services - R & S,Reunify with parents/caretaker
8737053,1,2018-05-01,2019-02-26,Placement Services - R & S,Reunify with parents/caretaker
8757305,1,2018-03-08,2019-01-07,Placement Services - R & S,Reunify with parents/caretaker
8843759,1,2019-01-18,2019-03-22,Placement Services - R & S,Living with other relatives
8862788,1,2018-05-30,2019-01-04,Placement Services - R & S,Reunify with parents/caretaker
8871825,1,2017-11-29,2019-01-14,Placement Services - R & S,Reunify with parents/caretaker
8893462,1,2016-06-13,2019-03-13,Placement Services - R & S,Adoption
8918570,1,2013-03-22,2019-03-26,Placement Services - R & S,Emancipation
8919437,1,2014-06-04,2019-03-08,Placement Services - R & S,Adoption
8930694,2,2018-04-26,2019-01-31,Placement Services - R & S,Reunify with parents/caretaker
8930708,2,2018-04-26,2019-01-31,Placement Services - R & S,Reunify with parents/caretaker
8942013,2,2019-01-10,2019-01-24,Placement Services - R & S,Living with other relatives
8942021,2,2019-01-10,2019-01-24,Placement Services - R & S,Living with other relatives
8982651,1,2018-06-18,2019-03-01,Placement Services - R & S,Reunify with parents/caretaker
8982732,1,2018-06-18,2019-03-01,Placement Services - R & S,Reunify with parents/caretaker
9015299,1,2019-01-17,2019-02-19,Placement Services - R & S,Guardianship
9055991,3,2016-12-07,2019-01-18,Placement Services - R & S,Reunify with parents/caretaker
9056262,2,2018-06-13,2019-02-06,Placement Services - R & S,Reunify with parents/caretaker
9062653,1,2017-10-20,2019-03-19,Placement Services - R & S,Living with other relatives
9064486,1,2019-01-08,2019-01-15,Placement Services - R & S,Reunify with parents/caretaker
9097465,2,2018-04-26,2019-01-31,Placement Services - R & S,Reunify with parents/caretaker
9128867,1,2018-11-02,2019-03-07,Placement Services - R & S,Reunify with parents/caretaker
9128913,1,2018-11-02,2019-03-07,Placement Services - R & S,Reunify with parents/caretaker
9133488,1,2016-12-07,2019-03-21,Placement Services - R & S,Adoption
9169830,1,2018-08-17,2019-02-06,Placement Services - R & S,Living with other relatives
9176497,1,2014-07-23,2019-02-21,Placement Services - R & S,Adoption
9176500,1,2014-07-23,2019-02-21,Placement Services - R & S,Adoption
9198288,2,2018-11-22,2019-03-25,Placement Services - R & S,Reunify with parents/caretaker
9267115,2,2018-12-11,2019-01-09,Placement Services - R & S,Reunify with parents/caretaker
9267131,2,2018-12-11,2019-01-09,Placement Services - R & S,Reunify with parents/caretaker
9277773,1,2017-09-15,2019-01-16,Placement Services - R & S,Reunify with parents/caretaker
9280197,2,2017-03-31,2019-03-26,Placement Services - R & S,Adoption
9317058,1,2017-02-23,2019-02-07,Placement Services - R & S,Reunify with parents/caretaker
9317457,2,2019-01-16,2019-02-28,Placement Services - R & S,Reunify with parents/caretaker
9318151,1,2017-10-23,2019-01-07,Placement Services - R & S,Reunify with parents/caretaker
9320148,1,2017-08-01,2019-03-28,Placement Services - R & S,Guardianship
9420916,1,2013-08-14,2019-03-12,Placement Services - COR,Adoption
9420940,1,2013-08-14,2019-03-12,Placement Services - COR,Adoption
9456694,1,2016-09-19,2019-03-19,Placement Services - R & S,Reunify with parents/caretaker
9456716,1,2016-09-19,2019-03-19,Placement Services - R & S,Reunify with parents/caretaker
9479848,2,2019-01-16,2019-02-28,Placement Services - R & S,Reunify with parents/caretaker
9497536,1,2018-03-06,2019-03-19,Placement Services - R & S,Reunify with parents/caretaker
9505784,1,2016-11-21,2019-01-15,Placement Services - R & S,Reunify with parents/caretaker
9549447,1,2012-09-24,2019-03-26,Placement Services - R & S,Adoption
9569138,1,2018-05-31,2019-03-06,Placement Services - COS,Living with other relatives
9618031,2,2018-07-24,2019-03-07,Placement Services - R & S,Reunify with parents/caretaker
9630953,3,2016-08-15,2019-02-14,Placement Services - COS,Guardianship
9648518,1,2019-01-23,2019-01-29,Placement Services - R & S,Living with other relatives
9648542,1,2019-01-23,2019-01-29,Placement Services - R & S,Living with other relatives
9654232,1,2017-06-28,2019-01-16,Placement Services - R & S,Living with other relatives
9698116,2,2018-08-22,2019-02-20,Placement Services - R & S,Reunify with parents/caretaker
9698124,2,2018-08-22,2019-02-20,Placement Services - R & S,Reunify with parents/caretaker
9700854,1,2018-05-01,2019-01-28,Placement Services - R & S,Reunify with parents/caretaker
9702075,1,2014-02-21,2019-03-22,Placement Services - R & S,Adoption
9704000,1,2017-07-19,2019-03-19,Placement Services - R & S,Reunify with parents/caretaker
9704043,1,2017-07-19,2019-03-19,Placement Services - R & S,Reunify with parents/caretaker
9738983,1,2014-02-21,2019-03-22,Placement Services - COR,COS Placement Change
9765662,3,2016-08-15,2019-02-14,Placement Services - COS,Guardianship
9802061,1,2018-08-17,2019-02-06,Placement Services - R & S,Living with other relatives
9809341,1,2017-02-24,2019-03-05,Placement Services - R & S,Living with other relatives
9812393,1,2018-08-23,2019-03-18,Placement Services - R & S,Reunify with parents/caretaker
9816259,1,2018-12-31,2019-01-02,Placement Services - R & S,Reunify with parents/caretaker
9816968,1,2018-08-23,2019-03-18,Placement Services - R & S,Reunify with parents/caretaker
9820396,1,2013-03-26,2019-03-21,Placement Services - R & S,Adoption
9830634,1,2013-03-09,2019-03-26,Placement Services - R & S,Adoption
9850139,1,2018-06-12,2019-02-26,Placement Services - R & S,Guardianship
9851933,2,2015-09-11,2019-02-07,Placement Services - R & S,Reunify with parents/caretaker
9874755,1,2018-09-18,2019-03-08,Placement Services - COR,Reunify with parents/caretaker
9906177,2,2018-03-15,2019-03-13,Placement Services - R & S,Reunify with parents/caretaker
9933778,1,2014-08-26,2019-03-12,Placement Services - R & S,Adoption
9937544,1,2013-05-07,2019-02-11,Placement Services - R & S,Adoption
9937579,1,2013-05-07,2019-02-11,Placement Services - R & S,Adoption
10024714,1,2017-08-08,2019-01-08,Placement Services - R & S,Guardianship
10024757,3,2016-12-07,2019-01-18,Placement Services - R & S,Reunify with parents/caretaker
10028299,1,2013-06-25,2019-03-26,Placement Services - R & S,Adoption
10051428,1,2016-09-01,2019-01-08,Placement Services - R & S,Adoption
10055776,1,2016-02-18,2019-02-27,Placement Services - R & S,Adoption
10064856,1,2013-07-18,2019-02-08,Placement Services - R & S,Adoption
10099943,1,2017-08-15,2019-01-23,Placement Services - R & S,Reunify with parents/caretaker
10099951,1,2016-03-23,2019-01-23,Placement Services - R & S,Living with other relatives
10099978,1,2016-03-23,2019-01-23,Placement Services - R & S,Living with other relatives
10099994,1,2017-11-01,2019-01-23,Placement Services - R & S,Reunify with parents/caretaker
10101506,1,2017-11-29,2019-01-31,Placement Services - R & S,Reunify with parents/caretaker
10101514,1,2017-11-29,2019-01-31,Placement Services - R & S,Reunify with parents/caretaker
10107768,1,2013-08-12,2019-03-26,Placement Services - R & S,Adoption
10122783,1,2013-08-14,2019-03-12,Placement Services - COR,Adoption
10149037,1,2013-10-15,2019-03-15,Placement Services - R & S,Adoption
10182980,1,2017-01-23,2019-03-22,Placement Services - R & S,Adoption
10182999,1,2017-01-23,2019-03-22,Placement Services - R & S,Adoption
10227259,1,2018-11-02,2019-03-07,Placement Services - R & S,Reunify with parents/caretaker
10227275,1,2018-11-02,2019-03-07,Placement Services - R & S,Reunify with parents/caretaker
10227283,1,2018-11-02,2019-03-07,Placement Services - R & S,Reunify with parents/caretaker
10227305,1,2018-11-02,2019-03-07,Placement Services - R & S,Reunify with parents/caretaker
10227461,1,2018-10-25,2019-01-30,Placement Services - R & S,Reunify with parents/caretaker
10230586,1,2016-03-18,2019-01-16,Placement Services - R & S,Living with other relatives
10276780,1,2018-01-23,2019-03-21,Placement Services - R & S,Reunify with parents/caretaker
10288975,1,2018-09-27,2019-01-28,Placement Services - R & S,Reunify with parents/caretaker
10325692,1,2013-11-21,2019-02-11,Placement Services - R & S,Adoption
10333202,1,2014-04-10,2019-03-28,Placement Services - COS,Adoption
10348641,1,2013-11-30,2019-03-26,Placement Services - R & S,Adoption
10353076,2,2018-12-04,2019-01-30,Placement Services - COS,Reunify with parents/caretaker
10396832,1,2017-11-13,2019-02-05,Placement Services - R & S,Reunify with parents/caretaker
10403197,1,2016-07-26,2019-02-19,Placement Services - R & S,Reunify with parents/caretaker
10403200,1,2016-07-26,2019-02-19,Placement Services - R & S,Reunify with parents/caretaker
10464366,1,2015-06-09,2019-03-27,Placement Services - R & S,Adoption
10464617,1,2015-06-09,2019-03-27,Placement Services - R & S,Adoption
10466113,1,2014-02-25,2019-01-15,Placement Services - R & S,Emancipation
10552753,2,2018-06-28,2019-01-24,Placement Services - R & S,Reunify with parents/caretaker
10567106,1,2014-04-10,2019-03-28,Placement Services - COS,Adoption
10598621,1,2014-04-29,2019-02-25,Placement Services - R & S,Adoption
10654335,1,2019-01-14,2019-01-15,Placement Services - R & S,Reunify with parents/caretaker
10724244,2,2018-09-11,2019-02-15,Placement Services - R & S,Reunify with parents/caretaker
10726255,2,2018-09-11,2019-02-15,Placement Services - R & S,Reunify with parents/caretaker
10728754,1,2014-07-18,2019-01-01,Placement Services - R & S,Emancipation
10728789,1,2014-07-18,2019-01-01,Placement Services - R & S,Emancipation
10751438,1,2015-06-23,2019-03-26,Placement Services - R & S,Adoption
10751454,1,2015-06-23,2019-03-26,Placement Services - R & S,Adoption
10781825,1,2014-08-06,2019-03-26,Placement Services - COS,Adoption
10786924,2,2016-09-22,2019-02-21,Placement Services - R & S,Adoption
10805597,1,2014-08-20,2019-03-29,Placement Services - COR,Adoption
10806410,1,2014-08-20,2019-03-29,Placement Services - COR,Adoption
10806429,1,2014-08-20,2019-03-29,Placement Services - COS,Adoption
10809177,1,2018-06-18,2019-03-01,Placement Services - R & S,Reunify with parents/caretaker
10821525,1,2014-07-24,2019-02-15,Placement Services - R & S,Runaway
10835631,1,2017-07-19,2019-03-19,Placement Services - R & S,Reunify with parents/caretaker
10855055,1,2018-10-25,2019-01-30,Placement Services - R & S,Reunify with parents/caretaker
10857023,2,2018-06-28,2019-01-23,Placement Services - R & S,Reunify with parents/caretaker
10863597,1,2017-01-30,2019-03-27,Placement Services - R & S,Emancipation
10865344,1,2014-09-19,2019-01-08,Placement Services - R & S,Adoption
10876451,2,2017-06-07,2019-03-29,Placement Services - R & S,Emancipation
10876478,2,2017-06-23,2019-03-29,Placement Services - R & S,Reunify with parents/caretaker
10876486,2,2017-06-23,2019-03-29,Placement Services - R & S,Reunify with parents/caretaker
10880327,1,2019-01-08,2019-01-15,Placement Services - R & S,Reunify with parents/caretaker
10884330,1,2017-03-23,2019-01-21,Placement Services - R & S,Reunify with parents/caretaker
10884357,1,2017-03-23,2019-01-21,Placement Services - R & S,Reunify with parents/caretaker
10896193,1,2018-03-20,2019-03-12,Placement Services - R & S,Reunify with parents/caretaker
10897963,1,2017-07-24,2019-01-17,Placement Services - R & S,Adoption
10904021,2,2016-08-08,2019-02-01,Placement Services - R & S,Adoption
10906598,1,2016-11-17,2019-03-19,Placement Services - COR,Adoption
10907764,1,2019-01-07,2019-01-10,Placement Services - R & S,Living with other relatives
10908388,2,2017-06-23,2019-03-29,Placement Services - R & S,Reunify with parents/caretaker
10927374,1,2016-08-01,2019-03-22,Placement Services - R & S,Adoption
10970830,1,2014-11-13,2019-03-26,Placement Services - R & S,Adoption
10977185,1,2018-05-16,2019-03-20,Placement Services - R & S,Reunify with parents/caretaker
10978416,1,2014-11-18,2019-03-26,Placement Services - COS,Adoption
10985021,1,2014-11-20,2019-02-04,Placement Services - R & S,Reunify with parents/caretaker
11017150,2,2017-12-28,2019-01-07,Placement Services - R & S,Reunify with parents/caretaker
11057675,3,2018-09-13,2019-01-28,Placement Services - R & S,Reunify with parents/caretaker
11084400,2,2018-08-25,2019-03-12,Placement Services - R & S,Living with other relatives
11117716,1,2018-09-12,2019-03-26,Placement Services - R & S,Reunify with parents/caretaker
11121373,1,2015-02-12,2019-03-04,Placement Services - R & S,Adoption
11147100,1,2017-08-22,2019-02-13,Placement Services - COS,Emancipation
11165877,2,2018-01-22,2019-01-17,Placement Services - COR,COS Placement Change
11172466,1,2018-06-27,2019-03-19,Placement Services - R & S,Reunify with parents/caretaker
11176089,1,2015-03-17,2019-02-11,Placement Services - R & S,Adoption
11196985,2,2016-01-19,2019-02-20,Placement Services - COS,Adoption
11211712,1,2015-04-03,2019-02-07,Placement Services - R & S,Guardianship
11211739,1,2015-04-06,2019-02-07,Placement Services - R & S,Guardianship
11215025,1,2016-01-12,2019-01-07,Placement Services - R & S,Reunify with parents/caretaker
11220207,1,2015-04-14,2019-03-06,Placement Services - R & S,Adoption
11227767,1,2015-06-09,2019-03-26,Placement Services - R & S,Adoption
11229204,1,2015-04-13,2019-03-15,Placement Services - R & S,Adoption
11230938,1,2015-04-15,2019-03-26,Placement Services - R & S,Adoption
11233082,1,2018-03-30,2019-01-17,Placement Services - R & S,Living with other relatives
11249809,1,2015-04-29,2019-03-08,Placement Services - COS,Adoption
11249876,1,2015-04-29,2019-03-26,Placement Services - COS,Adoption
11250483,1,2018-05-04,2019-01-10,Placement Services - COS,COS Placement Change
11250491,1,2018-05-04,2019-01-10,Placement Services - COS,COS Placement Change
11250505,1,2018-05-04,2019-01-10,Placement Services - R & S,Guardianship
11252591,2,2016-09-22,2019-02-21,Placement Services - R & S,Adoption
11252613,2,2016-09-22,2019-02-21,Placement Services - R & S,Adoption
11270751,2,2018-12-11,2019-01-09,Placement Services - R & S,Reunify with parents/caretaker
11272282,1,2015-09-10,2019-03-22,Placement Services - R & S,Adoption
11285937,2,2018-06-28,2019-01-24,Placement Services - R & S,Reunify with parents/caretaker
11293603,1,2015-06-10,2019-02-19,Placement Services - R & S,Adoption
11308112,1,2018-09-12,2019-03-13,Placement Services - R & S,Reunify with parents/caretaker
11316034,1,2016-01-19,2019-02-20,Placement Services - COS,Adoption
11353665,1,2016-08-11,2019-01-25,Placement Services - R & S,Adoption
11354459,1,2016-10-14,2019-02-12,Placement Services - R & S,Adoption
11364373,1,2016-11-09,2019-03-04,Placement Services - COR,Adoption
11364381,1,2016-11-09,2019-03-04,Placement Services - COR,Adoption
11425593,1,2015-11-22,2019-02-25,Placement Services - R & S,Adoption
11425658,1,2015-11-22,2019-02-25,Placement Services - R & S,Adoption
11426433,1,2016-09-16,2019-01-08,Placement Services - R & S,Reunify with parents/caretaker
11436625,1,2015-08-07,2019-03-05,Placement Services - R & S,Adoption
11445977,4,2019-02-15,2019-02-19,Placement Services - R & S,Reunify with parents/caretaker
11457967,1,2017-09-25,2019-01-22,Placement Services - COS,Guardianship
11479731,1,2015-08-05,2019-02-13,Placement Services - R & S,Adoption
11495001,1,2019-01-23,2019-03-15,Placement Services - R & S,Living with other relatives
11519040,1,2018-11-01,2019-01-22,Placement Services - R & S,Reunify with parents/caretaker
11519067,1,2018-11-01,2019-01-22,Placement Services - R & S,Reunify with parents/caretaker
11525385,1,2016-05-05,2019-01-08,Placement Services - R & S,Reunify with parents/caretaker
11525407,1,2016-05-05,2019-01-08,Placement Services - R & S,Reunify with parents/caretaker
11546242,2,2019-01-08,2019-03-14,Placement Services - R & S,Living with other relatives
11555799,1,2016-01-14,2019-03-25,Placement Services - R & S,Reunify with parents/caretaker
11576958,1,2015-09-21,2019-02-20,Placement Services - R & S,Adoption
11577784,1,2015-09-10,2019-03-22,Placement Services - R & S,Adoption
11603130,1,2015-09-18,2019-02-19,Placement Services - R & S,Adoption
11617069,1,2016-05-31,2019-02-01,Placement Services - R & S,Reunify with parents/caretaker
11617093,1,2016-05-31,2019-02-01,Placement Services - R & S,Reunify with parents/caretaker
11627420,1,2015-09-20,2019-01-14,Placement Services - R & S,Adoption
11670563,1,2017-03-30,2019-01-08,Placement Services - R & S,Guardianship
11670679,1,2017-03-30,2019-01-08,Placement Services - R & S,Guardianship
11686540,1,2015-10-19,2019-01-25,Placement Services - R & S,Adoption
11724841,1,2016-03-30,2019-02-21,Placement Services - R & S,Guardianship
11724876,1,2016-03-30,2019-02-21,Placement Services - R & S,Guardianship
11728480,1,2015-11-03,2019-02-13,Placement Services - R & S,Living with other relatives
11730116,1,2017-01-27,2019-03-22,Placement Services - R & S,Adoption
11730779,1,2018-10-30,2019-01-29,Placement Services - R & S,Living with other relatives
11739296,1,2015-12-17,2019-02-12,Placement Services - R & S,Adoption
11753949,1,2015-11-12,2019-01-28,Placement Services - R & S,Reunify with parents/caretaker
11755488,1,2017-08-28,2019-01-10,Placement Services - R & S,Reunify with parents/caretaker
11788653,1,2017-08-28,2019-01-10,Placement Services - R & S,Reunify with parents/caretaker
11792553,1,2015-12-01,2019-02-13,Placement Services - R & S,Guardianship
11831311,1,2016-12-13,2019-03-28,Placement Services - R & S,Living with other relatives
11839258,1,2015-12-16,2019-01-14,Placement Services - R & S,Adoption
11851193,2,2017-12-15,2019-01-31,Placement Services - R & S,Reunify with parents/caretaker
11856772,1,2018-06-01,2019-01-16,Placement Services - R & S,Reunify with parents/caretaker
11867758,1,2018-01-04,2019-01-23,Placement Services - R & S,Emancipation
11897665,1,2016-01-12,2019-01-07,Placement Services - R & S,Reunify with parents/caretaker
11938736,1,2016-02-03,2019-03-25,Placement Services - R & S,Adoption
11959318,1,2016-02-04,2019-03-22,Placement Services - COS,Adoption
11966233,1,2016-08-23,2019-02-06,Placement Services - R & S,Adoption
12012985,1,2017-01-09,2019-03-25,Placement Services - R & S,Adoption
12014317,1,2016-02-23,2019-02-18,Placement Services - R & S,Reunify with parents/caretaker
12014325,1,2016-02-23,2019-02-18,Placement Services - R & S,Reunify with parents/caretaker
12035136,1,2016-08-01,2019-03-22,Placement Services - R & S,Adoption
12052650,1,2017-08-28,2019-03-19,Placement Services - R & S,Living with other relatives
12056052,1,2019-01-08,2019-01-15,Placement Services - R & S,Reunify with parents/caretaker
12059612,1,2016-03-14,2019-01-25,Placement Services - R & S,Reunify with parents/caretaker
12063997,1,2016-03-15,2019-02-20,Placement Services - R & S,Adoption
12076819,1,2018-06-13,2019-01-09,Placement Services - R & S,Reunify with parents/caretaker
12076894,1,2018-06-13,2019-01-09,Placement Services - R & S,Reunify with parents/caretaker
12077874,1,2017-05-17,2019-02-28,Placement Services - R & S,Living with other relatives
12077882,1,2017-05-17,2019-02-28,Placement Services - R & S,Living with other relatives
12083874,1,2018-04-03,2019-01-15,Placement Services - COS,Living with other relatives
12083890,1,2018-04-03,2019-01-15,Placement Services - COS,Living with other relatives
12093969,1,2018-03-30,2019-01-17,Placement Services - R & S,Living with other relatives
12102577,1,2017-02-09,2019-01-18,Placement Services - COR,Adoption
12110960,2,2018-02-28,2019-02-14,Placement Services - R & S,Reunify with parents/caretaker
12136315,1,2016-04-08,2019-02-25,Placement Services - R & S,Adoption
12141424,1,2018-07-13,2019-03-28,Placement Services - R & S,Reunify with parents/caretaker
12155077,1,2019-01-14,2019-01-23,Placement Services - R & S,Reunify with parents/caretaker
12155174,1,2019-01-14,2019-01-23,Placement Services - R & S,Reunify with parents/caretaker
12167989,1,2016-04-21,2019-02-13,Placement Services - COR,Reunify with parents/caretaker
12174942,1,2018-07-02,2019-02-06,Placement Services - R & S,Reunify with parents/caretaker
12182333,1,2017-05-26,2019-03-20,Placement Services - R & S,Reunify with parents/caretaker
12182368,1,2017-05-26,2019-03-20,Placement Services - R & S,Reunify with parents/caretaker
12182422,1,2017-05-26,2019-03-20,Placement Services - R & S,Reunify with parents/caretaker
12190999,1,2016-05-10,2019-02-19,Placement Services - R & S,Guardianship
12199317,1,2016-05-31,2019-02-21,Placement Services - R & S,Adoption
12199325,1,2016-05-31,2019-02-21,Placement Services - R & S,Adoption
12210388,1,2016-11-17,2019-03-19,Placement Services - COR,Adoption
12210779,1,2016-05-06,2019-02-21,Placement Services - R & S,Adoption
12211805,2,2018-09-19,2019-03-28,Placement Services - COS,COS Placement Change
12249373,1,2016-06-01,2019-02-25,Placement Services - R & S,Reunify with parents/caretaker
12264887,1,2018-03-07,2019-03-21,Placement Services - R & S,Guardianship
12264895,1,2018-03-07,2019-03-21,Placement Services - R & S,Guardianship
12264909,1,2018-03-07,2019-03-21,Placement Services - R & S,Guardianship
12275994,1,2016-05-31,2019-02-21,Placement Services - R & S,Adoption
12311613,1,2017-07-28,2019-03-19,Placement Services - R & S,Reunify with parents/caretaker
12318103,2,2018-04-05,2019-01-29,Placement Services - R & S,Reunify with parents/caretaker
12344074,1,2018-03-08,2019-02-01,Placement Services - R & S,Adoption
12347901,1,2016-06-22,2019-03-27,Placement Services - R & S,Adoption
12348169,1,2016-08-11,2019-01-25,Placement Services - R & S,Adoption
12362595,1,2017-08-21,2019-02-04,Placement Services - R & S,Reunify with parents/caretaker
12365861,1,2016-08-17,2019-03-05,Placement Services - R & S,Living with other relatives
12365888,1,2016-08-17,2019-03-05,Placement Services - R & S,Living with other relatives
12399944,2,2017-05-16,2019-03-08,Placement Services - R & S,Adoption
12404425,1,2016-07-06,2019-01-25,Placement Services - R & S,Adoption
12416938,1,2017-05-12,2019-03-29,Placement Services - R & S,Emancipation
12445954,1,2016-08-02,2019-01-25,Placement Services - R & S,Adoption
12445989,1,2016-08-01,2019-03-22,Placement Services - R & S,Adoption
12453078,1,2016-08-04,2019-03-06,Placement Services - R & S,Adoption
12461690,1,2016-08-07,2019-02-20,Placement Services - R & S,Adoption
12468490,1,2016-09-26,2019-02-01,Placement Services - R & S,Reunify with parents/caretaker
12476272,1,2018-05-30,2019-01-14,Placement Services - R & S,Reunify with parents/caretaker
12476345,1,2018-05-30,2019-01-14,Placement Services - R & S,Reunify with parents/caretaker
12516150,1,2016-08-25,2019-03-07,Placement Services - R & S,Adoption
12531613,1,2016-09-23,2019-02-11,Placement Services - COR,Adoption
12551320,1,2016-11-14,2019-02-21,Placement Services - R & S,Adoption
12565127,1,2016-10-14,2019-01-18,Placement Services - R & S,Living with other relatives
12573677,1,2016-09-22,2019-03-06,Placement Services - R & S,Adoption
12578873,1,2016-09-20,2019-01-24,Placement Services - COS,Living with other relatives
12580738,1,2018-09-11,2019-02-11,Placement Services - R & S,Reunify with parents/caretaker
12580754,1,2018-09-11,2019-02-11,Placement Services - R & S,Living with other relatives
12592337,1,2016-09-20,2019-02-14,Placement Services - R & S,Adoption
12592442,1,2016-09-20,2019-01-24,Placement Services - R & S,Adoption
12607423,1,2018-03-15,2019-01-24,Placement Services - R & S,Guardianship
12607466,1,2018-03-15,2019-01-24,Placement Services - R & S,Guardianship
12607911,1,2016-11-14,2019-03-22,Placement Services - R & S,Adoption
12628900,1,2018-09-26,2019-02-12,Placement Services - R & S,Reunify with parents/caretaker
12632339,1,2017-02-24,2019-03-05,Placement Services - R & S,Living with other relatives
12634145,1,2018-02-21,2019-02-13,Placement Services - R & S,Living with other relatives
12634447,1,2018-02-21,2019-02-13,Placement Services - R & S,Living with other relatives
12682794,1,2016-10-31,2019-03-26,Placement Services - R & S,Adoption
12690169,1,2016-10-24,2019-01-18,Placement Services - R & S,Reunify with parents/caretaker
12691653,1,2018-06-02,2019-02-19,Placement Services - R & S,Reunify with parents/caretaker
12704437,1,2016-11-14,2019-03-22,Placement Services - R & S,Adoption
12724187,1,2016-11-03,2019-02-05,Placement Services - COR,Adoption
12743203,1,2016-12-13,2019-03-28,Placement Services - R & S,Living with other relatives
12743254,1,2016-11-09,2019-03-04,Placement Services - COR,Adoption
12750307,1,2017-02-07,2019-03-26,Placement Services - COS,Adoption
12770537,2,2017-12-15,2019-01-31,Placement Services - R & S,Reunify with parents/caretaker
12780192,1,2016-11-21,2019-01-15,Placement Services - R & S,Reunify with parents/caretaker
12809166,1,2016-11-30,2019-01-30,Placement Services - R & S,Adoption
12811489,1,2019-01-08,2019-01-15,Placement Services - R & S,Reunify with parents/caretaker
12820127,1,2016-12-06,2019-02-21,Placement Services - R & S,Adoption
12838824,1,2016-12-12,2019-02-22,Placement Services - R & S,Adoption
12838913,1,2016-12-12,2019-02-22,Placement Services - R & S,Adoption
12850441,2,2018-02-07,2019-02-27,Placement Services - R & S,Reunify with parents/caretaker
12850468,2,2018-02-07,2019-02-27,Placement Services - R & S,Reunify with parents/caretaker
12856717,1,2018-05-14,2019-03-14,Placement Services - R & S,Reunify with parents/caretaker
12871198,1,2016-12-28,2019-02-27,Placement Services - COR,Adoption
12881509,1,2017-01-12,2019-01-30,Placement Services - R & S,Adoption
12893868,1,2017-01-05,2019-03-25,Placement Services - R & S,Adoption
12895445,1,2017-07-24,2019-01-08,Placement Services - R & S,Reunify with parents/caretaker
12901127,1,2018-10-11,2019-01-08,Placement Services - COS,Reunify with parents/caretaker
12904126,1,2018-01-22,2019-01-30,Placement Services - COR,Reunify with parents/caretaker
12920946,1,2017-06-28,2019-01-16,Placement Services - R & S,Living with other relatives
12939787,1,2018-05-29,2019-01-28,Placement Services - R & S,Living with other relatives
12939795,1,2018-05-29,2019-01-28,Placement Services - R & S,Living with other relatives
12948778,1,2017-04-19,2019-03-22,Placement Services - COR,Adoption
12948867,1,2017-04-27,2019-02-14,Placement Services - R & S,Reunify with parents/caretaker
12948921,1,2017-01-19,2019-03-07,Placement Services - R & S,Living with other relatives
12949464,1,2017-01-19,2019-03-07,Placement Services - R & S,Living with other relatives
12952554,1,2017-01-25,2019-02-25,Placement Services - R & S,Reunify with parents/caretaker
12967101,1,2018-05-02,2019-03-20,Placement Services - R & S,Guardianship
12967128,1,2018-05-02,2019-03-20,Placement Services - R & S,Guardianship
12985436,1,2017-10-30,2019-02-13,Placement Services - R & S,Living with other relatives
12994648,1,2017-03-24,2019-03-20,Placement Services - R & S,Reunify with parents/caretaker
12994656,1,2017-03-24,2019-03-20,Placement Services - R & S,Reunify with parents/caretaker
12994672,1,2017-03-24,2019-03-20,Placement Services - R & S,Reunify with parents/caretaker
13030219,1,2018-03-15,2019-03-26,Placement Services - R & S,Reunify with parents/caretaker
13030464,1,2018-03-15,2019-03-26,Placement Services - R & S,Reunify with parents/caretaker
13036217,1,2017-02-21,2019-03-25,Placement Services - R & S,Reunify with parents/caretaker
13048800,1,2017-04-19,2019-03-01,Placement Services - R & S,Adoption
13048827,1,2017-04-19,2019-03-01,Placement Services - R & S,Adoption
13048886,1,2017-04-19,2019-03-01,Placement Services - COR,Living with other relatives
13051003,1,2017-03-23,2019-01-21,Placement Services - R & S,Reunify with parents/caretaker
13052182,1,2018-09-11,2019-02-15,Placement Services - R & S,Reunify with parents/caretaker
13060673,1,2017-02-27,2019-01-17,Placement Services - COR,COS Placement Change
13062854,1,2017-03-08,2019-02-07,Placement Services - R & S,Reunify with parents/caretaker
13062897,1,2017-03-08,2019-02-07,Placement Services - R & S,Reunify with parents/caretaker
13063672,1,2017-06-15,2019-02-11,Placement Services - R & S,Adoption
13096872,1,2017-03-20,2019-01-23,Placement Services - R & S,Reunify with parents/caretaker
13108153,1,2017-03-21,2019-03-26,Placement Services - R & S,Reunify with parents/caretaker
13122725,1,2017-06-19,2019-03-28,Placement Services - R & S,Adoption
13143897,1,2017-07-16,2019-02-19,Placement Services - R & S,Guardianship
13161291,1,2017-12-13,2019-03-29,Placement Services - R & S,Reunify with parents/caretaker
13223246,1,2017-04-26,2019-03-20,Placement Services - R & S,Reunify with parents/caretaker
13238057,1,2018-04-18,2019-01-16,Placement Services - R & S,Living with other relatives
13245460,1,2017-04-28,2019-02-14,Placement Services - R & S,Reunify with parents/caretaker
13255881,1,2018-05-24,2019-03-21,Placement Services - R & S,Reunify with parents/caretaker
13306915,1,2017-06-12,2019-01-31,Placement Services - R & S,Adoption
13331200,1,2017-05-29,2019-03-25,Placement Services - R & S,Reunify with parents/caretaker
13339554,1,2017-06-01,2019-02-26,Placement Services - R & S,Guardianship
13375240,1,2017-06-12,2019-02-25,Placement Services - R & S,Adoption
13376948,1,2018-07-13,2019-03-28,Placement Services - R & S,Reunify with parents/caretaker
13388687,1,2018-03-12,2019-01-24,Placement Services - R & S,Living with other relatives
13388695,1,2018-03-12,2019-01-24,Placement Services - R & S,Living with other relatives
13397228,1,2017-06-22,2019-03-25,Placement Services - R & S,Living with other relatives
13397236,1,2017-06-22,2019-03-25,Placement Services - R & S,Living with other relatives
13397252,1,2017-06-22,2019-03-25,Placement Services - R & S,Living with other relatives
13405964,1,2017-06-30,2019-02-28,Placement Services - R & S,Reunify with parents/caretaker
13434247,1,2018-05-31,2019-01-07,Placement Services - R & S,Reunify with parents/caretaker
13440999,1,2018-02-05,2019-01-24,Placement Services - R & S,Living with other relatives
13444765,1,2017-08-08,2019-01-08,Placement Services - R & S,Guardianship
13447489,1,2017-12-01,2019-01-28,Placement Services - R & S,Living with other relatives
13447519,1,2017-12-01,2019-01-28,Placement Services - R & S,Living with other relatives
13469776,1,2017-07-20,2019-03-29,Placement Services - R & S,Adoption
13471312,1,2017-07-20,2019-03-29,Placement Services - R & S,Adoption
13478279,1,2017-07-21,2019-02-25,Placement Services - R & S,Adoption
13484929,1,2018-06-12,2019-03-07,Placement Services - R & S,Living with other relatives
13508070,1,2017-08-02,2019-03-08,Placement Services - R & S,Adoption
13527555,1,2017-08-09,2019-01-24,Placement Services - R & S,Adoption
13536015,1,2018-08-31,2019-01-11,Placement Services - R & S,Reunify with parents/caretaker
13536449,1,2017-10-16,2019-02-26,Placement Services - R & S,Guardianship
13536503,1,2017-10-16,2019-02-26,Placement Services - R & S,Guardianship
13540705,1,2018-03-06,2019-03-19,Placement Services - R & S,Reunify with parents/caretaker
13565236,1,2017-08-22,2019-02-07,Placement Services - R & S,Reunify with parents/caretaker
13566240,1,2017-08-28,2019-01-10,Placement Services - R & S,Reunify with parents/caretaker
13570663,1,2018-11-22,2019-03-25,Placement Services - R & S,Reunify with parents/caretaker
13573840,1,2018-08-10,2019-01-09,Placement Services - R & S,Reunify with parents/caretaker
13573859,1,2018-08-10,2019-01-09,Placement Services - R & S,Reunify with parents/caretaker
13575827,1,2017-09-18,2019-03-26,Placement Services - R & S,Guardianship
13575843,1,2017-09-18,2019-03-26,Placement Services - R & S,Guardianship
13575851,1,2017-09-18,2019-03-26,Placement Services - R & S,Guardianship
13575878,1,2017-09-18,2019-03-26,Placement Services - R & S,Guardianship
13587418,1,2017-10-18,2019-02-21,Placement Services - R & S,Adoption
13592268,1,2018-07-12,2019-03-19,Placement Services - R & S,Reunify with parents/caretaker
13595038,1,2017-11-13,2019-02-05,Placement Services - R & S,Reunify with parents/caretaker
13597804,1,2017-12-11,2019-02-19,Placement Services - R & S,Living with other relatives
13649057,1,2017-09-15,2019-01-16,Placement Services - R & S,Reunify with parents/caretaker
13681295,1,2017-11-20,2019-01-17,Placement Services - R & S,Reunify with parents/caretaker
13694036,1,2019-02-20,2019-03-21,Placement Services - COS,Living with other relatives
13707022,1,2018-08-20,2019-02-26,Placement Services - R & S,Guardianship
13708649,1,2019-01-15,2019-03-01,Placement Services - R & S,Reunify with parents/caretaker
13718148,1,2017-11-15,2019-02-20,Placement Services - R & S,Reunify with parents/caretaker
13721165,1,2018-05-09,2019-01-29,Placement Services - COS,Reunify with parents/caretaker
13726329,1,2018-02-03,2019-03-01,Placement Services - R & S,Adoption
13783500,1,2017-10-30,2019-01-23,Placement Services - R & S,Reunify with parents/caretaker
13783519,1,2017-10-30,2019-01-23,Placement Services - R & S,Reunify with parents/caretaker
13785074,1,2017-11-01,2019-01-23,Placement Services - R & S,Reunify with parents/caretaker
13786364,1,2017-10-28,2019-01-30,Placement Services - R & S,Adoption
13792550,1,2017-11-03,2019-03-13,Placement Services - R & S,Living with other relatives
13798524,1,2017-11-06,2019-03-29,Placement Services - R & S,Living with other relatives
13798583,1,2017-11-06,2019-03-29,Placement Services - R & S,Living with other relatives
13798613,1,2017-11-06,2019-03-29,Placement Services - R & S,Living with other relatives
13816220,1,2018-07-03,2019-02-19,Placement Services - R & S,Reunify with parents/caretaker
13816239,1,2018-07-03,2019-02-19,Placement Services - R & S,Reunify with parents/caretaker
13830932,1,2017-12-19,2019-03-25,Placement Services - R & S,Reunify with parents/caretaker
13832102,1,2018-05-29,2019-01-28,Placement Services - R & S,Guardianship
13835268,1,2018-11-01,2019-01-22,Placement Services - R & S,Reunify with parents/caretaker
13856745,1,2018-02-02,2019-03-25,Placement Services - R & S,Living with other relatives
13858411,1,2017-11-27,2019-01-10,Placement Services - R & S,Reunify with parents/caretaker
13864411,1,2017-12-21,2019-03-19,Placement Services - R & S,Reunify with parents/caretaker
13876827,1,2018-05-29,2019-01-28,Placement Services - R & S,Guardianship
13895112,1,2017-12-09,2019-03-01,Placement Services - R & S,Adoption
13896917,1,2017-12-12,2019-02-27,Placement Services - R & S,Living with other relatives
13897069,1,2017-12-12,2019-02-27,Placement Services - R & S,Living with other relatives
13904154,1,2017-12-12,2019-02-25,Placement Services - COS,Adoption
13905401,1,2017-12-14,2019-03-13,Placement Services - R & S,Adoption
13926409,1,2017-12-20,2019-03-18,Placement Services - R & S,Reunify with parents/caretaker
13953066,2,2018-09-10,2019-02-22,Placement Services - R & S,Reunify with parents/caretaker
13967148,1,2018-07-25,2019-01-10,Placement Services - R & S,Reunify with parents/caretaker
13978085,1,2019-01-15,2019-01-16,Placement Services - R & S,Living with other relatives
13989451,1,2018-03-12,2019-02-26,Placement Services - R & S,Living with other relatives
13989478,1,2018-03-12,2019-02-26,Placement Services - R & S,Living with other relatives
13995966,1,2018-04-02,2019-03-05,Placement Services - R & S,Reunify with parents/caretaker
14000704,1,2019-01-15,2019-01-16,Placement Services - R & S,Living with other relatives
14034986,1,2019-03-08,2019-03-27,Placement Services - R & S,Reunify with parents/caretaker
14035001,1,2019-03-08,2019-03-27,Placement Services - R & S,Reunify with parents/caretaker
14039791,1,2018-07-11,2019-01-28,Placement Services - R & S,Reunify with parents/caretaker
14074287,1,2018-02-16,2019-02-20,Placement Services - R & S,Guardianship
14074309,1,2018-02-16,2019-02-14,Placement Services - R & S,Reunify with parents/caretaker
14096949,1,2018-03-29,2019-01-20,Placement Services - R & S,Reunify with parents/caretaker
14100563,1,2018-02-27,2019-03-27,Placement Services - R & S,Reunify with parents/caretaker
14109137,1,2018-03-01,2019-01-09,Placement Services - R & S,Adoption
14110291,1,2018-03-02,2019-01-16,Placement Services - R & S,Reunify with parents/caretaker
14110305,1,2018-03-02,2019-01-16,Placement Services - R & S,Reunify with parents/caretaker
14110402,1,2018-03-02,2019-01-16,Placement Services - R & S,Reunify with parents/caretaker
14115420,1,2019-01-07,2019-02-25,Placement Services - R & S,Reunify with parents/caretaker
14119833,1,2018-03-02,2019-03-05,Placement Services - R & S,Guardianship
14123032,1,2018-03-14,2019-03-05,Placement Services - COS,Living with other relatives
14124772,1,2018-03-11,2019-02-05,Placement Services - R & S,Reunify with parents/caretaker
14128697,1,2018-03-20,2019-03-12,Placement Services - R & S,Reunify with parents/caretaker
14129200,1,2018-03-08,2019-02-20,Placement Services - R & S,Guardianship
14147535,1,2018-03-10,2019-01-28,Placement Services - R & S,Reunify with parents/caretaker
14172572,1,2018-03-24,2019-03-20,Placement Services - R & S,Reunify with parents/caretaker
14182322,1,2018-03-24,2019-03-20,Placement Services - R & S,Reunify with parents/caretaker
14186166,1,2019-01-17,2019-01-22,Placement Services - R & S,Reunify with parents/caretaker
14187901,1,2018-05-30,2019-01-01,Placement Services - R & S,Reunify with parents/caretaker
14206620,1,2018-09-28,2019-02-05,Placement Services - R & S,Reunify with parents/caretaker
14221131,1,2018-04-05,2019-01-29,Placement Services - R & S,Reunify with parents/caretaker
14235051,1,2018-04-30,2019-03-25,Placement Services - R & S,Reunify with parents/caretaker
14259643,1,2018-04-18,2019-03-21,Placement Services - R & S,Reunify with parents/caretaker
14259694,1,2018-04-18,2019-03-21,Placement Services - R & S,Reunify with parents/caretaker
14268804,1,2018-07-05,2019-01-15,Placement Services - R & S,Guardianship
14275746,1,2018-11-26,2019-01-18,Placement Services - R & S,Reunify with parents/caretaker
14276815,2,2019-01-17,2019-01-22,Placement Services - R & S,Reunify with parents/caretaker
14279954,1,2018-04-20,2019-03-13,Placement Services - COS,Reunify with parents/caretaker
14285202,1,2019-01-17,2019-01-22,Placement Services - R & S,Reunify with parents/caretaker
14285245,1,2019-01-17,2019-01-22,Placement Services - R & S,Reunify with parents/caretaker
14285296,1,2019-01-17,2019-01-22,Placement Services - R & S,Reunify with parents/caretaker
14285318,1,2019-01-17,2019-01-22,Placement Services - R & S,Reunify with parents/caretaker
14285350,1,2019-01-17,2019-01-22,Placement Services - R & S,Reunify with parents/caretaker
14304150,1,2018-05-14,2019-02-14,Placement Services - R & S,Reunify with parents/caretaker
14304185,1,2018-05-14,2019-02-14,Placement Services - R & S,Reunify with parents/caretaker
14351310,1,2019-01-26,2019-02-25,Placement Services - R & S,Living with other relatives
14352740,1,2018-05-17,2019-01-29,Placement Services - R & S,Reunify with parents/caretaker
14356282,1,2018-06-28,2019-01-23,Placement Services - R & S,Reunify with parents/caretaker
14362193,1,2018-05-18,2019-01-15,Placement Services - COS,Reunify with parents/caretaker
14363203,1,2018-05-30,2019-01-04,Placement Services - R & S,Reunify with parents/caretaker
14380965,1,2018-07-17,2019-01-29,Placement Services - R & S,Reunify with parents/caretaker
14399550,1,2018-06-28,2019-01-24,Placement Services - R & S,Reunify with parents/caretaker
14429824,1,2018-06-13,2019-03-14,Placement Services - R & S,Reunify with parents/caretaker
14432310,1,2018-06-13,2019-01-09,Placement Services - R & S,Reunify with parents/caretaker
14443797,1,2018-06-27,2019-03-19,Placement Services - R & S,Reunify with parents/caretaker
14450343,1,2018-06-27,2019-03-19,Placement Services - R & S,Reunify with parents/caretaker
14452230,1,2018-07-02,2019-02-06,Placement Services - R & S,Reunify with parents/caretaker
14460314,1,2018-06-26,2019-02-07,Placement Services - R & S,Reunify with parents/caretaker
14474501,1,2018-07-01,2019-03-04,Placement Services - R & S,Reunify with parents/caretaker
14480552,1,2018-09-25,2019-01-10,Placement Services - R & S,Reunify with parents/caretaker
14488995,1,2018-07-09,2019-01-16,Placement Services - R & S,Living with other relatives
14492623,1,2018-07-12,2019-01-28,Placement Services - R & S,Guardianship
14492631,1,2018-07-12,2019-01-28,Placement Services - R & S,Guardianship
14492658,1,2018-07-12,2019-01-28,Placement Services - R & S,Reunify with parents/caretaker
14492674,1,2018-07-12,2019-01-28,Placement Services - R & S,Guardianship
14506853,1,2018-07-13,2019-01-08,Placement Services - R & S,Reunify with parents/caretaker
14506861,1,2018-07-13,2019-01-08,Placement Services - R & S,Reunify with parents/caretaker
14520325,1,2018-07-20,2019-01-16,Placement Services - R & S,Reunify with parents/caretaker
14525084,1,2018-10-22,2019-01-22,Placement Services - R & S,Living with other relatives
14525424,1,2018-07-14,2019-03-14,Placement Services - R & S,Living with other relatives
14557229,1,2018-09-26,2019-02-12,Placement Services - R & S,Reunify with parents/caretaker
14567682,1,2019-01-07,2019-02-25,Placement Services - R & S,Reunify with parents/caretaker
14598197,1,2018-08-30,2019-03-18,Placement Services - COR,Living with other relatives
14616977,1,2018-08-24,2019-03-28,Placement Services - R & S,Reunify with parents/caretaker
14624198,1,2018-08-23,2019-01-29,Placement Services - R & S,Reunify with parents/caretaker
14660526,1,2018-09-06,2019-01-28,Placement Services - R & S,Reunify with parents/caretaker
14662669,1,2018-12-07,2019-01-16,Placement Services - R & S,Living with other relatives
14672133,1,2019-02-19,2019-02-26,Placement Services - R & S,Living with other relatives
14674594,1,2018-10-16,2019-01-10,Placement Services - R & S,Reunify with parents/caretaker
14686517,1,2019-01-17,2019-01-22,Placement Services - R & S,Reunify with parents/caretaker
14694048,1,2019-01-10,2019-01-17,Placement Services - R & S,Reunify with parents/caretaker
14718990,1,2018-11-15,2019-01-22,Placement Services - R & S,Reunify with parents/caretaker
14721576,1,2018-09-28,2019-03-19,Placement Services - R & S,Reunify with parents/caretaker
14751904,1,2018-10-03,2019-01-24,Placement Services - R & S,Living with other relatives
14794565,1,2018-10-20,2019-01-29,Placement Services - R & S,Reunify with parents/caretaker
14794565,2,2019-03-04,2019-03-26,Placement Services - R & S,Reunify with parents/caretaker
14801758,1,2019-02-14,2019-02-19,Placement Services - R & S,Reunify with parents/caretaker
14823743,1,2019-01-17,2019-01-22,Placement Services - R & S,Reunify with parents/caretaker
14836365,1,2018-11-05,2019-01-04,Placement Services - R & S,Living with other relatives
14837086,1,2018-12-04,2019-01-07,Placement Services - R & S,Guardianship
14851631,1,2018-11-26,2019-01-31,Placement Services - R & S,Guardianship
14866566,1,2018-11-20,2019-02-25,Placement Services - R & S,Reunify with parents/caretaker
14873848,1,2018-12-28,2019-01-03,Placement Services - R & S,Reunify with parents/caretaker
14881433,1,2019-02-14,2019-02-19,Placement Services - R & S,Reunify with parents/caretaker
14901744,1,2019-01-24,2019-01-29,Placement Services - R & S,Reunify with parents/caretaker
14901884,1,2019-01-24,2019-01-29,Placement Services - R & S,Living with other relatives
14901965,1,2019-01-24,2019-01-29,Placement Services - R & S,Reunify with parents/caretaker
14909508,1,2018-11-27,2019-02-26,Placement Services - R & S,Guardianship
14910700,1,2018-12-07,2019-01-17,Placement Services - R & S,Reunify with parents/caretaker
14918191,1,2019-01-14,2019-01-23,Placement Services - R & S,Reunify with parents/caretaker
14920293,1,2019-01-03,2019-03-18,Placement Services - R & S,Reunify with parents/caretaker
14935703,1,2018-12-14,2019-01-10,Placement Services - R & S,Reunify with parents/caretaker
14935711,1,2018-12-14,2019-01-10,Placement Services - R & S,Reunify with parents/caretaker
14945997,1,2018-12-18,2019-01-16,Placement Services - R & S,Reunify with parents/caretaker
14949194,1,2019-01-02,2019-03-21,Placement Services - R & S,Guardianship
14949585,1,2018-12-19,2019-01-15,Placement Services - R & S,Reunify with parents/caretaker
14992553,1,2019-02-11,2019-03-12,Placement Services - R & S,Living with other relatives
14995501,1,2019-01-25,2019-03-26,Placement Services - R & S,Reunify with parents/caretaker
14995781,1,2019-01-07,2019-02-25,Placement Services - R & S,Reunify with parents/caretaker
15002123,1,2019-01-10,2019-03-12,Placement Services - R & S,Reunify with parents/caretaker
15007435,1,2019-01-14,2019-01-15,Placement Services - R & S,Reunify with parents/caretaker
15014415,1,2019-01-16,2019-02-28,Placement Services - R & S,Reunify with parents/caretaker
15035544,1,2019-01-23,2019-03-14,Placement Services - R & S,Reunify with parents/caretaker
15041757,1,2019-01-26,2019-02-25,Placement Services - R & S,Living with other relatives
15044306,1,2019-01-28,2019-03-13,Placement Services - R & S,Reunify with parents/caretaker
15044322,1,2019-01-25,2019-01-30,Placement Services - R & S,Reunify with parents/caretaker
15074442,1,2019-02-07,2019-02-11,Placement Services - R & S,Living with other relatives
15091088,1,2019-02-13,2019-02-15,Placement Services - R & S,Transfer to another agency
15091118,1,2019-02-13,2019-02-15,Placement Services - R & S,Transfer to another agency
15113936,1,2019-02-20,2019-02-26,Placement Services - R & S,Guardianship
15197064,1,2019-03-22,2019-03-28,Placement Services - R & S,Reunify with parents/caretaker
